[
  {
    "id": 0,
    "type": "sale",
    "title": "LG G1",
    "desc": "LG G1 is a good device!",
    "pict": "..\/ui\/pic\/lgg1.jpg"
  },
  {
    "id": 1,
    "type": "purchase",
    "title": "LG G2",
    "desc": "LG G2 is a good device!",
    "pict": "..\/ui\/pic\/lgg2.jpg"
  },
  {
    "id": 2,
    "type": "exchange",
    "title": "LG G3",
    "desc": "LG G3 is a good device!",
    "pict": "..\/ui\/pic\/lgg3.jpg"
  },
  {
    "id": 3,
    "type": "exchange",
    "title": "LG G4",
    "desc": "LG G4 is a good device!",
    "pict": "..\/ui\/pic\/lgg4.jpg"
  },
  {
    "id": 4,
    "type": "exchange",
    "title": "LG G5",
    "desc": "LG G5 is a good device!",
    "pict": "..\/ui\/pic\/lgg5.jpg"
  },
  {
    "id": 5,
    "type": "exchange",
    "title": "LG G6",
    "desc": "LG G6 is a good device!",
    "pict": "..\/ui\/pic\/lgg6.jpg"
  },
  {
    "id": 6,
    "type": "exchange",
    "title": "LG G7",
    "desc": "LG G7 is a good device!",
    "pict": "..\/ui\/pic\/lgg7.jpg"
  },
  {
    "id": 7,
    "type": "exchange",
    "title": "LG G8",
    "desc": "LG G8 is a good device!",
    "pict": "..\/ui\/pic\/lgg8.jpg"
  },
  {
    "id": 8,
    "type": "exchange",
    "title": "LG G9",
    "desc": "LG G9 is a good device!",
    "pict": "..\/ui\/pic\/lgg9.jpg"
  },
  {
    "id": 9,
    "type": "exchange",
    "title": "LG G10",
    "desc": "LG G10 is a good device!",
    "pict": "..\/ui\/pic\/lgg10.jpg"
  },
  {
    "id": 10,
    "type": "exchange",
    "title": "LG G11",
    "desc": "LG G11 is a good device!",
    "pict": "..\/ui\/pic\/lgg11.jpg"
  },
  {
    "id": 11,
    "type": "exchange",
    "title": "LG G12",
    "desc": "LG G12 is a good device!",
    "pict": "..\/ui\/pic\/lgg12.jpg"
  },
  {
    "id": 12,
    "type": "exchange",
    "title": "LG G13",
    "desc": "LG G13 is a good device!",
    "pict": "..\/ui\/pic\/lgg13.jpg"
  },
  {
    "id": 13,
    "type": "exchange",
    "title": "LG G14",
    "desc": "LG G14 is a good device!",
    "pict": "..\/ui\/pic\/lgg14.jpg"
  },
  {
    "id": 14,
    "type": "exchange",
    "title": "LG G15",
    "desc": "LG G15 is a good device!",
    "pict": "..\/ui\/pic\/lgg15.jpg"
  },
  {
    "id": 15,
    "type": "exchange",
    "title": "LG G16",
    "desc": "LG G16 is a good device!",
    "pict": "..\/ui\/pic\/lgg16.jpg"
  },
  {
    "id": 16,
    "type": "exchange",
    "title": "LG G17",
    "desc": "LG G17 is a good device!",
    "pict": "..\/ui\/pic\/lgg17.jpg"
  },
  {
    "id": 17,
    "type": "exchange",
    "title": "LG G18",
    "desc": "LG G18 is a good device!",
    "pict": "..\/ui\/pic\/lgg18.jpg"
  },
  {
    "id": 18,
    "type": "exchange",
    "title": "LG G19",
    "desc": "LG G19 is a good device!",
    "pict": "..\/ui\/pic\/lgg19.jpg"
  },
  {
    "id": 19,
    "type": "exchange",
    "title": "LG G20",
    "desc": "LG G20 is a good device!",
    "pict": "..\/ui\/pic\/lgg20.jpg"
  },
  {
    "id": 20,
    "type": "exchange",
    "title": "LG G21",
    "desc": "LG G21 is a good device!",
    "pict": "..\/ui\/pic\/lgg21.jpg"
  },
  {
    "id": 21,
    "type": "exchange",
    "title": "LG G22",
    "desc": "LG G22 is a good device!",
    "pict": "..\/ui\/pic\/lgg22.jpg"
  }
]